Position,Type,Domain,URL,Domain AS,Backlinks,Search Traffic,SERP Features
1,Organic,github.com,https://github.com/ace-step/ACE-Step,100,9077441200,15152057,
2,Organic,acestep.io,https://acestep.io/,10,1308,717,
3,Organic,ace-step.github.io,https://ace-step.github.io/,24,670,163,
4,Organic,huggingface.co,https://huggingface.co/ACE-Step/ACE-Step-v1-3.5B,72,34848703,1003159,
5,Organic,reddit.com,https://www.reddit.com/r/StableDiffusion/comments/1ko06kc/acestep_local_music_generation_easy_and_practical/,100,5198163103,615227149,Sitelinks
6,Organic,comfy.org,https://docs.comfy.org/tutorials/audio/ace-step/ace-step-v1,51,63407,131912,
7,Organic,youtube.com,https://www.youtube.com/watch?v=3-j-4-gIU3k,100,27763026824,686118792,Video
8,Organic,arxiv.org,https://arxiv.org/abs/2506.00045,72,646437689,744454,
9,Organic,acestepmusic.net,https://acestepmusic.net/,15,5520,8,
9,People also ask,comfy.org,https://docs.comfy.org/tutorials/audio/ace-step/ace-step-v1,,,,
9,People also ask,fal.ai,https://fal.ai/models/fal-ai/ace-step,,,,
9,People also ask,nextdiffusion.ai,https://www.nextdiffusion.ai/tutorials/how-to-use-songbloom-to-make-ai-music-in-comfyui,,,,
10,Organic,youtube.com,https://www.youtube.com/watch?v=QoMUpK-rw84,100,27763026824,686118792,Video
11,Organic,replicate.com,https://replicate.com/lucataco/ace-step,50,1635231,38560,
12,Organic,modal.com,https://modal.com/docs/examples/generate_music,42,120295,16183,
13,Organic,remusic.ai,https://remusic.ai/ace-step,36,46294,10611,
14,Organic,ycombinator.com,https://news.ycombinator.com/item?id=43909398,73,260080791,1049551,
15,Organic,aisongmaker.io,https://www.aisongmaker.io/ace-step/free-playground,39,1074877,11225,
16,Organic,acestudio.ai,https://acestudio.ai/,38,108329,11701,
17,Organic,comfyui-wiki.com,https://comfyui-wiki.com/en/tutorial/advanced/audio/ace-step/ace-step-v1,32,14073,6583,
18,Organic,youtube.com,https://www.youtube.com/watch?v=1SihhqPR0S8,100,27763026824,686118792,Video
19,Organic,huggingface.co,https://huggingface.co/spaces/ACE-Step/ACE-Step,72,34848703,1003159,
20,Organic,segmind.com,https://www.segmind.com/models/ace-step-music,35,8476,2653,
21,Organic,comfy.org,https://blog.comfy.org/p/stable-diffusion-moment-of-audio,51,63407,131912,Image
22,Organic,aixploria.com,https://www.aixploria.com/en/ace-step-ai-music/,41,34309,14786,
23,Organic,github.com,https://github.com/ace-step,100,9077441200,15152057,
24,Organic,youtube.com,https://www.youtube.com/playlist?list=PLkOS_kw-Mmpe5rgNudET_P13TQuNZ42nO,100,27763026824,686118792,
25,Organic,aisongmaker.io,https://www.aisongmaker.io/ace-step/free-playground,39,1074877,11225,
26,Organic,youtube.com,https://www.youtube.com/watch?v=dDe-LA567D8,100,27763026824,686118792,Video
27,Organic,acestepmusic.org,https://acestepmusic.org/,11,22,2,
28,Organic,comfyui-wiki.com,https://comfyui-wiki.com/en/tutorial/advanced/audio/ace-step/ace-step-v1,32,14073,6583,
29,Organic,vi-control.net,https://vi-control.net/community/threads/east-west-partners-with-ace-studio-a-new-revolution-in-ai-music-creation.169723/,42,37047,21209,
30,Organic,youtube.com,https://www.youtube.com/watch?v=0TqzphAv1-Y,100,27763026824,686118792,Video
31,Organic,towardsai.net,https://towardsai.net/p/l/generate-music-with-ai-locally-using-ace-step-one-click-text-to-music-model,44,1612264,9206,
32,Organic,acestepmusic.org,https://acestepmusic.org/,11,22,2,
33,Organic,huggingface.co,https://huggingface.co/ACE-Step,72,34848703,1003159,
34,Organic,vi-control.net,https://vi-control.net/community/threads/east-west-partners-with-ace-studio-a-new-revolution-in-ai-music-creation.169723/,42,37047,21209,
35,Organic,acestepai.org,https://www.acestepai.org/,6,19,2,
36,Organic,runcomfy.com,https://www.runcomfy.com/comfyui-workflows/ace-step-music-generation-model-in-comfyui-ai-audio-creation,32,22871,12159,
37,Organic,ace-step.app,https://ace-step.app/,0,15,3,
38,Organic,dotsimulate.com,https://docs.dotsimulate.com/operators/pipelines/acestep/,5,173,2,
39,Organic,aisonggenerator.io,https://aisonggenerator.io/ace-step,36,5414,23086,
40,Organic,youtube.com,https://www.youtube.com/watch?v=0TqzphAv1-Y,100,27763026824,686118792,Video
41,Organic,mimicpc.com,https://www.mimicpc.com/workflows/ace-step-electronic-music-generator,34,69306,9152,
42,Organic,hyper.ai,https://hyper.ai/en/notebooks/39328,29,66113,2160,
43,Organic,cbp.gov,https://www.cbp.gov/trade/automated/how-to-use-ace/portal-applying,74,3300342,2037104,
44,Organic,slmusiclab.net,https://www.slmusiclab.net/tag/ace-step/,6,14,0,
45,Organic,ace-step-ace-step.hf.space,https://ace-step-ace-step.hf.space/,2,91,0,
46,Organic,wavespeed.ai,https://wavespeed.ai/models/wavespeed-ai/ace-step,31,22474,8079,
47,Organic,patreon.com,https://www.patreon.com/posts/1-click-install-129131054,81,331719978,3819134,
48,Organic,acestep.io,https://acestep.io/workflows,10,1308,717,
49,Organic,youtube.com,https://www.youtube.com/watch?v=dDe-LA567D8,100,27763026824,686118792,Video
50,Organic,acestudio.ai,https://acestudio.ai/download/,38,108329,11701,
51,Organic,ace-step.club,https://ace-step.club/,2,6656,0,
52,Organic,digialps.com,https://digialps.com/ace-step-ai-music-generation-the-ultimate-guide/,21,3680,105,
53,Organic,github.com,https://github.com/ace-step/ACE-Step/issues/121,100,9077441200,15152057,
54,Organic,replicate.com,https://replicate.com/lucataco/ace-step/readme,50,1635231,38560,
55,Organic,youtube.com,https://www.youtube.com/watch?v=dDe-LA567D8,100,27763026824,686118792,Video
56,Organic,fal.ai,https://fal.ai/models/fal-ai/ace-step/audio-outpaint,46,96571,38727,
57,Organic,aicreators.tools,https://aicreators.tools/voice-audio/music-generators/ace-step,9,105,14,
58,Organic,aibase.com,https://www.aibase.com/repos/project/ace-step,40,425559377,10345,
59,Organic,comfy.org,https://blog.comfy.org/p/stable-diffusion-moment-of-audio,51,63407,131912,
60,Organic,acefitness.org,https://www.acefitness.org/,57,492521,182860,
61,Organic,acestep.org,https://acestep.org/,7,36,13,
62,Organic,ycombinator.com,https://news.ycombinator.com/item?id=43903248,73,260080791,1049551,
63,Organic,ai-search.io,https://ai-search.io/tool/ace-step,21,26727,268,
64,Organic,biginterview.com,https://www.biginterview.com/,44,163738,13007,
65,Organic,youtube.com,https://www.youtube.com/watch?v=GAexamsEBss,100,27763026824,686118792,Video
66,Organic,polite.edu.sg,https://stms.polite.edu.sg/identity,42,8389,441,
67,Organic,instagram.com,https://www.instagram.com/p/DUG94jsE5m7/,100,31509739152,317271126,
68,Organic,aibase.com,https://www.aibase.com/repos/project/ace-step,40,425559377,10345,
69,Organic,gcu.edu,https://ssc.gcu.edu/,66,422846,1024271,
70,Organic,facebook.com,https://www.facebook.com/apartmenttherapy/posts/my-living-room-started-out-in-fixer-upper-shape-with-dated-1970s-finishes-so-gut/1278241940825381/,100,37223554715,419698667,
71,Organic,riffusionai.com,https://www.riffusionai.com/en/ace-step,21,878,1395,
72,Organic,abog.org,https://abog.org/,41,34061,19625,
73,Organic,medtronic.com,https://www.medtronic.com/en-us/our-company/careers/early-careers.html,62,894177,284672,
74,Organic,reveart.org,https://reveart.org/ace-step,23,810,279,
75,Organic,digialps.com,https://digialps.com/ace-step-ai-music-generation-the-ultimate-guide/,21,3680,105,
76,Organic,aceable.com,https://www.aceable.com/drivers-ed/texas-parent-taught/,49,51112,181182,
77,Organic,bytebytego.com,https://bytebytego.com/,40,67719,23863,
78,Organic,tauntongazette.com,https://www.tauntongazette.com/story/news/healthcare/2026/01/30/bristol-plymouth-nursing-students-ace-nclex-pn-with-100-pass-rate/88399851007/,44,128906,52763,
79,Organic,segmind.com,https://www.segmind.com/models/ace-step-music/api,35,8476,2653,
80,Organic,mlb.com,https://www.mlb.com/news/mackenzie-gore-trade-another-step-in-nationals-rebuild,97,68870849,30173746,
81,Organic,tauntongazette.com,https://www.tauntongazette.com/story/news/healthcare/2026/01/30/bristol-plymouth-nursing-students-ace-nclex-pn-with-100-pass-rate/88399851007/,44,128906,52763,
82,Organic,segmind.com,https://www.segmind.com/models/ace-step-music/api,35,8476,2653,
83,Organic,mlb.com,https://www.mlb.com/news/mackenzie-gore-trade-another-step-in-nationals-rebuild,97,68870849,30173746,
84,Organic,wikipedia.org,https://en.wikipedia.org/wiki/John_Laurinaitis,100,5438129403,1202070432,
85,Organic,newenglandisa.org,https://newenglandisa.org/sites/default/files/documents/ceu-agendas/ironaceNEW.pdf,24,900,355,
86,Organic,youtube.com,https://www.youtube.com/watch?v=fc5tanN3eas,100,27763026824,686118792,Video
87,Organic,yahoo.com,https://sports.yahoo.com/articles/liverpool-must-step-chase-outstanding-121000985.html,100,1674271024,126025452,
88,Organic,pressbanner.com,https://pressbanner.com/scotts-valley-council-clears-surplus-land-step-for-town-center-project/,32,174657,6210,
89,Organic,x.com,https://x.com/FeitengLi/status/2017242040283832422,100,8570957817,106335158,
90,Organic,401gives.org,https://www.401gives.org/business_fundraisers/63039/fvxdg?business_fundraiser_id=63039,38,490583,6425,
91,Organic,instagram.com,https://www.instagram.com/reel/DT4czi0iGWi/,100,31509739152,317271126,Video
92,Organic,va.gov,https://www.va.gov/housing-assistance/home-loans/how-to-request-coe/,83,17159109,8376784,
93,Organic,americanlighting.com,https://americanlighting.com/,30,6624,11745,
94,Organic,acestep.io,https://acestep.io/music-for-video,10,1308,717,
95,Organic,youtube.com,https://www.youtube.com/watch?v=fc5tanN3eas,100,27763026824,686118792,Video
96,Organic,reddit.com,https://www.reddit.com/r/Ace_Step/,100,5198163103,615227149,
97,Organic,fal.ai,https://fal.ai/models/fal-ai/ace-step/prompt-to-audio,46,96571,38727,
98,Organic,nih.gov,https://www.ncbi.nlm.nih.gov/books/NBK589676/,100,2324283650,50707995,
99,Organic,instagram.com,https://www.instagram.com/reel/DUFQQQ8ktZd/,100,31509739152,317271126,Video
